Time_min,assay_std
0,0.07006420962726023
5,0.07106464017141545
10,0.06082352202786487
20,0.04829601499039823
30,0.059372962305292744
