Assay,time_std
a,0.025276250115736334
b,0.008904268052303287
c,0.021396305055230675
