Time_min,assay_std
0,0.39730981176755265
5,0.23232155594751994
10,0.3603248257670417
20,0.40517449814362866
30,0.1922508779422823
