Assay,time_std
a,0.48608193587967485
b,0.17686791893262374
c,0.6269793634801288
