Assay,time_std
a,0.10756506043981365
b,0.08018471007671645
c,0.043588351300358784
