Time_min,assay_std
0,0.07602710560379893
5,0.07116368211335275
10,0.05767802612596194
20,0.08514170856699624
30,0.11145769736824505
