Time_min,assay_std
0,0.35931785222033014
5,0.16391783485593875
10,0.1738617356157471
20,0.09621317389224664
30,0.12267974692646938
