Assay,time_std
a,0.18535767843266282
b,0.05582304014603707
c,0.10886510045408533
