Time_min,assay_std
0,0.6327249138095934
5,0.8553688029667699
10,3.1340492288002806
20,1.6198675161129952
30,0.08166282096914312
