Assay,time_std
a,0.0649557330640829
b,0.4838226433797874
c,2.2305052293423486
