Assay,time_std
a,0.24100767984430138
b,0.08678428248469193
c,0.036228793157748684
