Time_min,assay_std
0,0.5687241900713782
5,0.7090998011331386
10,0.6533986691566899
20,0.6404000182478511
30,0.3858138733993865
